{
"lengthUnit": "mil",
"remark": [],
"components": {
	"fields": ["COMPONENT_NO", "COMPONENT_NAME", "LAYER", "X_COORDINATE", "Y_COORDINATE", "ANGLE"],
	"rows": [
		[1, "C1", "T", 155, -670, 180],
		[2, "R1", "T", 1160, -310, 0],
		[3, "R2", "T", 150, -315, 0],
		[4, "R3", "T", 155, -780, 0],
		[5, "R4", "T", 1165, -780, 0],
		[6, "U1", "T", 635, -570, 90],
		[7, "U2", "T", 1135, -230, 0],
		[8, "U3", "T", 125, -230, 0],
		[9, "U4", "T", 130, -860, 0],
		[10, "U5", "T", 1140, -860, 0],
		[11, "PAD1", "T", 127.44, -670, 0],
		[12, "PAD2", "T", 182.56, -670, 0],
		[13, "PAD3", "T", 1189.66, -310, 0],
		[14, "PAD4", "T", 1130.34, -310, 0],
		[15, "PAD5", "T", 179.66, -315, 0],
		[16, "PAD6", "T", 120.34, -315, 0],
		[17, "PAD7", "T", 184.66, -780, 0],
		[18, "PAD8", "T", 125.34, -780, 0],
		[19, "PAD9", "T", 1194.66, -780, 0],
		[20, "PAD10", "T", 1135.34, -780, 0],
		[21, "PAD11", "T", 308.23, -670, 0],
		[22, "PAD12", "T", 308.23, -770, 0],
		[23, "PAD13", "T", 1184.799, -229.999, 0],
		[24, "PAD14", "T", 1085.199, -229.999, 0],
		[25, "PAD15", "T", 174.799, -229.999, 0],
		[26, "PAD16", "T", 75.199, -229.999, 0],
		[27, "PAD17", "T", 179.799, -859.999, 0],
		[28, "PAD18", "T", 80.199, -859.999, 0],
		[29, "PAD19", "T", 1189.799, -859.999, 0],
		[30, "PAD20", "T", 1090.199, -859.999, 0]
	]
},
"pins": {
	"fields": ["PIN_NO", "PIN_NAME", "PIN_X", "PIN_Y", "LAYER", "PIN_TYPE", "NET_NAME", "NET_TYPE", "PAD_SHAPE", "PAD_SIZEX", "PAD_SIZEY", "HOLE_SIZE", "HOLE_LEN", "PAD_ANGLE"],
	"rows": [
		[1, "C1_1", 182.56, -670, "T", "SMD", "GND", "GND", "R", 31.496, 35.433, 0, 0, 180],
		[2, "C1_2", 127.44, -670, "T", "SMD", "VCC", "", "R", 31.496, 35.433, 0, 0, 180],
		[3, "R1_1", 1130.34, -310, "T", "SMD", "VCC", "", "R", 31.751, 34.016, 0, 0, 0],
		[4, "R1_2", 1189.66, -310, "T", "SMD", "$1N452", "", "R", 31.751, 34.016, 0, 0, 0],
		[5, "R2_1", 120.34, -315, "T", "SMD", "VCC", "", "R", 31.751, 34.016, 0, 0, 0],
		[6, "R2_2", 179.66, -315, "T", "SMD", "$1N698", "", "R", 31.751, 34.016, 0, 0, 0],
		[7, "R3_1", 125.34, -780, "T", "SMD", "VCC", "", "R", 31.751, 34.016, 0, 0, 0],
		[8, "R3_2", 184.66, -780, "T", "SMD", "$1N793", "", "R", 31.751, 34.016, 0, 0, 0],
		[9, "R4_1", 1135.34, -780, "T", "SMD", "VCC", "", "R", 31.751, 34.016, 0, 0, 0],
		[10, "R4_2", 1194.66, -780, "T", "SMD", "$1N888", "", "R", 31.751, 34.016, 0, 0, 0],
		[11, "U1_1", 961.771, -869.999, "T", "SMD", "NET_1", "", "R", 74.803, 118.11, 0, 0, 90],
		[12, "U1_2", 961.771, -770, "T", "SMD", "NET_2", "", "R", 74.803, 118.11, 0, 0, 90],
		[13, "U1_3", 961.771, -670, "T", "SMD", "NET_3", "", "R", 74.803, 118.11, 0, 0, 90],
		[14, "U1_4", 961.771, -570, "T", "SMD", "NET_4", "", "R", 74.803, 118.11, 0, 0, 90],
		[15, "U1_5", 961.771, -470, "T", "SMD", "NET_5", "", "R", 74.803, 118.11, 0, 0, 90],
		[16, "U1_6", 961.771, -370, "T", "SMD", "NET_6", "", "R", 74.803, 118.11, 0, 0, 90],
		[17, "U1_7", 961.771, -270.001, "T", "SMD", "NET_7", "", "R", 74.803, 118.11, 0, 0, 90],
		[18, "U1_8", 308.23, -270.001, "T", "SMD", "NET_8", "", "R", 74.803, 118.11, 0, 0, 90],
		[19, "U1_9", 308.23, -370, "T", "SMD", "NET_9", "", "R", 74.803, 118.11, 0, 0, 90],
		[20, "U1_10", 308.23, -470, "T", "SMD", "NET_10", "", "R", 74.803, 118.11, 0, 0, 90],
		[21, "U1_11", 308.23, -570, "T", "SMD", "NET_11", "", "R", 74.803, 118.11, 0, 0, 90],
		[22, "U1_12", 308.23, -670, "T", "SMD", "VCC", "", "R", 74.803, 118.11, 0, 0, 90],
		[23, "U1_13", 308.23, -770, "T", "SMD", "GND", "GND", "R", 74.803, 118.11, 0, 0, 90],
		[24, "U1_14", 308.23, -869.999, "T", "SMD", "NET_12", "", "R", 74.803, 118.11, 0, 0, 90],
		[25, "U2_1", 1085.199, -229.999, "T", "SMD", "GND", "GND", "R", 30.709, 59.055, 0, 0, 180],
		[26, "U2_2", 1184.799, -229.999, "T", "SMD", "$1N452", "", "R", 30.709, 59.055, 0, 0, 180],
		[27, "U3_1", 75.199, -229.999, "T", "SMD", "GND", "GND", "R", 30.709, 59.055, 0, 0, 180],
		[28, "U3_2", 174.799, -229.999, "T", "SMD", "$1N698", "", "R", 30.709, 59.055, 0, 0, 180],
		[29, "U4_1", 80.199, -859.999, "T", "SMD", "GND", "GND", "R", 30.709, 59.055, 0, 0, 180],
		[30, "U4_2", 179.799, -859.999, "T", "SMD", "$1N793", "", "R", 30.709, 59.055, 0, 0, 180],
		[31, "U5_1", 1090.199, -859.999, "T", "SMD", "GND", "GND", "R", 30.709, 59.055, 0, 0, 180],
		[32, "U5_2", 1189.799, -859.999, "T", "SMD", "$1N888", "", "R", 30.709, 59.055, 0, 0, 180],
		[33, "PAD1_2", 127.44, -670, "T", "SMD", "VCC", "", "R", 31.496, 35.433, 0, 0, 180],
		[34, "PAD2_1", 182.56, -670, "T", "SMD", "GND", "GND", "R", 31.496, 35.433, 0, 0, 180],
		[35, "PAD3_2", 1189.66, -310, "T", "SMD", "$1N452", "", "R", 31.751, 34.016, 0, 0, 0],
		[36, "PAD4_1", 1130.34, -310, "T", "SMD", "VCC", "", "R", 31.751, 34.016, 0, 0, 0],
		[37, "PAD5_2", 179.66, -315, "T", "SMD", "$1N698", "", "R", 31.751, 34.016, 0, 0, 0],
		[38, "PAD6_1", 120.34, -315, "T", "SMD", "VCC", "", "R", 31.751, 34.016, 0, 0, 0],
		[39, "PAD7_2", 184.66, -780, "T", "SMD", "$1N793", "", "R", 31.751, 34.016, 0, 0, 0],
		[40, "PAD8_1", 125.34, -780, "T", "SMD", "VCC", "", "R", 31.751, 34.016, 0, 0, 0],
		[41, "PAD9_2", 1194.66, -780, "T", "SMD", "$1N888", "", "R", 31.751, 34.016, 0, 0, 0],
		[42, "PAD10_1", 1135.34, -780, "T", "SMD", "VCC", "", "R", 31.751, 34.016, 0, 0, 0],
		[43, "PAD11_12", 308.23, -670, "T", "SMD", "VCC", "", "R", 74.803, 118.11, 0, 0, 90],
		[44, "PAD12_13", 308.23, -770, "T", "SMD", "GND", "GND", "R", 74.803, 118.11, 0, 0, 90],
		[45, "PAD13_2", 1184.799, -229.999, "T", "SMD", "$1N452", "", "R", 30.709, 59.055, 0, 0, 180],
		[46, "PAD14_1", 1085.199, -229.999, "T", "SMD", "GND", "GND", "R", 30.709, 59.055, 0, 0, 180],
		[47, "PAD15_2", 174.799, -229.999, "T", "SMD", "$1N698", "", "R", 30.709, 59.055, 0, 0, 180],
		[48, "PAD16_1", 75.199, -229.999, "T", "SMD", "GND", "GND", "R", 30.709, 59.055, 0, 0, 180],
		[49, "PAD17_2", 179.799, -859.999, "T", "SMD", "$1N793", "", "R", 30.709, 59.055, 0, 0, 180],
		[50, "PAD18_1", 80.199, -859.999, "T", "SMD", "GND", "GND", "R", 30.709, 59.055, 0, 0, 180],
		[51, "PAD19_2", 1189.799, -859.999, "T", "SMD", "$1N888", "", "R", 30.709, 59.055, 0, 0, 180],
		[52, "PAD20_1", 1090.199, -859.999, "T", "SMD", "GND", "GND", "R", 30.709, 59.055, 0, 0, 180]
	]
}
}